<?xml version="1.0" encoding="UTF-8"?>
<mc:RepositoryConfig  
  xmlns:mc="http://www.modeldriven.org/fuml/repository/config"
  defaultUMLNamespaceURI="http://schema.omg.org/spec/UML/2.2/uml.xml">   
 
    <artifact name="Infrastructure.uml" 
        urn="Infrastructure.uml"
        namespaceURI="http://schema.omg.org/spec/UML/2.2/uml.xml"
        factoryClassName="org.modeldriven.fuml.repository.model.InfrastructureAssembler">   
        <registeredPackage name="Profiles"/>
    </artifact>
    <artifact name="Superstructure.uml" 
        urn="Superstructure.uml"
        namespaceURI="http://schema.omg.org/spec/UML/2.2/uml.xml"
        factoryClassName="org.modeldriven.fuml.repository.model.SuperstructureAssembler"/>    

    <artifact name="fUML_Syntax.xmi" 
        urn="fUML_Syntax.xmi"
        namespaceURI="http://schema.omg.org/spec/UML/2.2/uml.xml"
        factoryClassName="org.modeldriven.fuml.repository.model.fUML_SyntaxAssembler">
        <registeredPackage name="fUML.Syntax"/>
    </artifact> 

    <ignoredPackage name="UML.AuxiliaryConstructs.Models"/>
    <ignoredPackage name="InfrastructureLibrary.Profiles"/>
    <ignoredPackage name="InfrastructureLibrary.Core.Constructs"/>

    <ignoredClass name="PackageImport"/>
    
    
  
</mc:RepositoryConfig>   
