<?xml version="1.0" encoding="UTF-8"?>
<mc:ModelConfig  
  xmlns:mc="http://www.modeldriven.org/fuml/model/config">
  
    <artifact name="expanded-Superstructure.uml"/>
    <artifact name="expanded-Infrastructure.uml"/>
    
    <artifact name="expanded-fUML_Syntax.uml"/>
    <artifact name="expanded-fUML_Semantics.uml"/>
    
    <!--
    MD export - not ready for prime-time
    <artifact name="expanded-fUML.uml"/>
    -->
    
    <artifact name="expanded-fUML-LibraryImplementation.uml"/>

    <ignoredPackage name="UML.AuxiliaryConstructs.Models"/>
    <ignoredPackage name="InfrastructureLibrary.Profiles"/>
    <ignoredPackage name="InfrastructureLibrary.Core.Constructs"/>
    <ignoredPackage name="fUML.Ignored"/>

    <ignoredClass name="PackageImport"/>
  
</mc:ModelConfig>   
